participant_id,cluster_label
subject600,1
subject601,1
subject602,1
subject603,1
subject604,1
subject605,1
subject606,1
subject607,1
subject608,1
subject609,1
subject610,1
subject611,1
subject612,1
subject613,1
subject614,1
subject615,1
subject616,1
subject617,1
subject618,1
subject619,1
subject620,1
subject621,1
subject622,1
subject623,1
subject624,1
subject625,1
subject626,1
subject627,1
subject628,1
subject629,1
subject630,1
subject631,1
subject632,1
subject633,1
subject634,1
subject635,1
subject636,1
subject637,1
subject638,1
subject639,1
subject640,1
subject641,1
subject642,1
subject643,1
subject644,1
subject645,1
subject646,1
subject647,1
subject648,1
subject649,1
subject650,1
subject651,1
subject652,1
subject653,1
subject654,1
subject655,1
subject656,1
subject657,1
subject658,1
subject659,1
subject660,1
subject661,1
subject662,1
subject663,1
subject664,1
subject665,1
subject666,1
subject667,1
subject668,1
subject669,1
subject670,1
subject671,1
subject672,1
subject673,1
subject674,1
subject675,1
subject676,1
subject677,1
subject678,1
subject679,1
subject680,1
subject681,1
subject682,1
subject683,1
subject684,1
subject685,1
subject686,1
subject687,1
subject688,1
subject689,1
subject690,1
subject691,1
subject692,1
subject693,1
subject694,1
subject695,1
subject696,1
subject697,1
subject698,1
subject699,1
subject700,1
subject701,1
subject702,1
subject703,1
subject704,1
subject705,1
subject706,1
subject707,1
subject708,1
subject709,1
subject710,1
subject711,1
subject712,1
subject713,1
subject714,1
subject715,1
subject716,1
subject717,1
subject718,1
subject719,1
subject720,1
subject721,1
subject722,1
subject723,1
subject724,1
subject725,1
subject726,1
subject727,1
subject728,1
subject729,1
subject730,1
subject731,1
subject732,1
subject733,1
subject734,1
subject735,1
subject736,1
subject737,1
subject738,1
subject739,1
subject740,1
subject741,1
subject742,1
subject743,1
subject744,1
subject745,1
subject746,1
subject747,1
subject748,1
subject749,1
subject750,1
subject751,1
subject752,1
subject753,1
subject754,1
subject755,1
subject756,1
subject757,1
subject758,1
subject759,1
subject760,1
subject761,1
subject762,1
subject763,1
subject764,1
subject765,1
subject766,1
subject767,1
subject768,1
subject769,1
subject770,1
subject771,1
subject772,1
subject773,1
subject774,1
subject775,1
subject776,1
subject777,1
subject778,1
subject779,1
subject780,1
subject781,1
subject782,1
subject783,1
subject784,1
subject785,1
subject786,1
subject787,1
subject788,1
subject789,1
subject790,1
subject791,1
subject792,1
subject793,1
subject794,1
subject795,1
subject796,1
subject797,1
subject798,1
subject799,1
subject800,1
subject801,1
subject802,1
subject803,1
subject804,1
subject805,1
subject806,1
subject807,1
subject808,1
subject809,1
subject810,1
subject811,1
subject812,1
subject813,1
subject814,1
subject815,1
subject816,1
subject817,1
subject818,1
subject819,1
subject820,1
subject821,1
subject822,1
subject823,1
subject824,1
subject825,1
subject826,1
subject827,1
subject828,1
subject829,1
subject830,1
subject831,1
subject832,1
subject833,1
subject834,1
subject835,1
subject836,1
subject837,1
subject838,1
subject839,1
subject840,1
subject841,1
subject842,1
subject843,1
subject844,1
subject845,1
subject846,1
subject847,1
subject848,1
subject849,1
subject850,1
subject851,1
subject852,1
subject853,1
subject854,1
subject855,1
subject856,1
subject857,1
subject858,1
subject859,1
subject860,1
subject861,1
subject862,1
subject863,1
subject864,1
subject865,1
subject866,1
subject867,1
subject868,1
subject869,1
subject870,1
subject871,1
subject872,1
subject873,1
subject874,1
subject875,1
subject876,1
subject877,1
subject878,1
subject879,1
subject880,1
subject881,1
subject882,1
subject883,1
subject884,1
subject885,1
subject886,1
subject887,1
subject888,1
subject889,1
subject890,1
subject891,1
subject892,1
subject893,1
subject894,1
subject895,1
subject896,1
subject897,1
subject898,1
subject899,1
subject900,1
subject901,1
subject902,1
subject903,1
subject904,1
subject905,1
subject906,1
subject907,1
subject908,1
subject909,1
subject910,1
subject911,1
subject912,1
subject913,1
subject914,1
subject915,1
subject916,1
subject917,1
subject918,1
subject919,1
subject920,1
subject921,1
subject922,1
subject923,1
subject924,1
subject925,1
subject926,1
subject927,1
subject928,1
subject929,1
subject930,1
subject931,1
subject932,1
subject933,1
subject934,1
subject935,1
subject936,1
subject937,1
subject938,1
subject939,1
subject940,1
subject941,1
subject942,1
subject943,1
subject944,1
subject945,1
subject946,1
subject947,1
subject948,1
subject949,1
subject950,1
subject951,1
subject952,1
subject953,1
subject954,1
subject955,1
subject956,1
subject957,1
subject958,1
subject959,1
subject960,1
subject961,1
subject962,1
subject963,1
subject964,1
subject965,1
subject966,1
subject967,1
subject968,1
subject969,1
subject970,1
subject971,1
subject972,1
subject973,1
subject974,1
subject975,1
subject976,1
subject977,1
subject978,1
subject979,1
subject980,1
subject981,1
subject982,1
subject983,1
subject984,1
subject985,1
subject986,1
subject987,1
subject988,1
subject989,1
subject990,1
subject991,1
subject992,1
subject993,1
subject994,1
subject995,1
subject996,1
subject997,1
subject998,1
subject999,1
subject1000,2
subject1001,2
subject1002,2
subject1003,2
subject1004,2
subject1005,2
subject1006,2
subject1007,2
subject1008,2
subject1009,2
subject1010,2
subject1011,2
subject1012,2
subject1013,2
subject1014,2
subject1015,2
subject1016,2
subject1017,2
subject1018,2
subject1019,2
subject1020,2
subject1021,2
subject1022,2
subject1023,2
subject1024,2
subject1025,2
subject1026,2
subject1027,2
subject1028,2
subject1029,2
subject1030,2
subject1031,2
subject1032,2
subject1033,2
subject1034,2
subject1035,2
subject1036,2
subject1037,2
subject1038,2
subject1039,2
subject1040,2
subject1041,2
subject1042,2
subject1043,2
subject1044,2
subject1045,2
subject1046,2
subject1047,2
subject1048,2
subject1049,2
subject1050,2
subject1051,2
subject1052,2
subject1053,2
subject1054,2
subject1055,2
subject1056,2
subject1057,2
subject1058,2
subject1059,2
subject1060,2
subject1061,2
subject1062,2
subject1063,2
subject1064,2
subject1065,2
subject1066,2
subject1067,2
subject1068,2
subject1069,2
subject1070,2
subject1071,2
subject1072,2
subject1073,2
subject1074,2
subject1075,2
subject1076,2
subject1077,2
subject1078,2
subject1079,2
subject1080,2
subject1081,2
subject1082,2
subject1083,2
subject1084,2
subject1085,2
subject1086,2
subject1087,2
subject1088,2
subject1089,2
subject1090,2
subject1091,2
subject1092,2
subject1093,2
subject1094,2
subject1095,2
subject1096,2
subject1097,2
subject1098,2
subject1099,2
subject1100,2
subject1101,2
subject1102,2
subject1103,2
subject1104,2
subject1105,2
subject1106,2
subject1107,2
subject1108,2
subject1109,2
subject1110,2
subject1111,2
subject1112,2
subject1113,2
subject1114,2
subject1115,2
subject1116,2
subject1117,2
subject1118,2
subject1119,2
subject1120,2
subject1121,2
subject1122,2
subject1123,2
subject1124,2
subject1125,2
subject1126,2
subject1127,2
subject1128,2
subject1129,2
subject1130,2
subject1131,2
subject1132,2
subject1133,2
subject1134,2
subject1135,2
subject1136,2
subject1137,2
subject1138,2
subject1139,2
subject1140,2
subject1141,2
subject1142,2
subject1143,2
subject1144,2
subject1145,2
subject1146,2
subject1147,2
subject1148,2
subject1149,2
subject1150,2
subject1151,2
subject1152,2
subject1153,2
subject1154,2
subject1155,2
subject1156,2
subject1157,2
subject1158,2
subject1159,2
subject1160,2
subject1161,2
subject1162,2
subject1163,2
subject1164,2
subject1165,2
subject1166,2
subject1167,2
subject1168,2
subject1169,2
subject1170,2
subject1171,2
subject1172,2
subject1173,2
subject1174,2
subject1175,2
subject1176,2
subject1177,2
subject1178,2
subject1179,2
subject1180,2
subject1181,2
subject1182,2
subject1183,2
subject1184,2
subject1185,2
subject1186,2
subject1187,2
subject1188,2
subject1189,2
subject1190,2
subject1191,2
subject1192,2
subject1193,2
subject1194,2
subject1195,2
subject1196,2
subject1197,2
subject1198,2
subject1199,2
subject1200,2
subject1201,2
subject1202,2
subject1203,2
subject1204,2
subject1205,2
subject1206,2
subject1207,2
subject1208,2
subject1209,2
subject1210,2
subject1211,2
subject1212,2
subject1213,2
subject1214,2
subject1215,2
subject1216,2
subject1217,2
subject1218,2
subject1219,2
subject1220,2
subject1221,2
subject1222,2
subject1223,2
subject1224,2
subject1225,2
subject1226,2
subject1227,2
subject1228,2
subject1229,2
subject1230,2
subject1231,2
subject1232,2
subject1233,2
subject1234,2
subject1235,2
subject1236,2
subject1237,2
subject1238,2
subject1239,2
subject1240,2
subject1241,2
subject1242,2
subject1243,2
subject1244,2
subject1245,2
subject1246,2
subject1247,2
subject1248,2
subject1249,2
subject1250,2
subject1251,2
subject1252,2
subject1253,2
subject1254,2
subject1255,2
subject1256,2
subject1257,2
subject1258,2
subject1259,2
subject1260,2
subject1261,2
subject1262,2
subject1263,2
subject1264,2
subject1265,2
subject1266,2
subject1267,2
subject1268,2
subject1269,2
subject1270,2
subject1271,2
subject1272,2
subject1273,2
subject1274,2
subject1275,2
subject1276,2
subject1277,2
subject1278,2
subject1279,2
subject1280,2
subject1281,2
subject1282,2
subject1283,2
subject1284,2
subject1285,2
subject1286,2
subject1287,2
subject1288,2
subject1289,2
subject1290,2
subject1291,2
subject1292,2
subject1293,2
subject1294,2
subject1295,2
subject1296,2
subject1297,2
subject1298,2
subject1299,2
subject1300,2
subject1301,2
subject1302,2
subject1303,2
subject1304,2
subject1305,2
subject1306,2
subject1307,2
subject1308,2
subject1309,2
subject1310,2
subject1311,2
subject1312,2
subject1313,2
subject1314,2
subject1315,2
subject1316,2
subject1317,2
subject1318,2
subject1319,2
subject1320,2
subject1321,2
subject1322,2
subject1323,2
subject1324,2
subject1325,2
subject1326,2
subject1327,2
subject1328,2
subject1329,2
subject1330,2
subject1331,2
subject1332,2
subject1333,2
subject1334,2
subject1335,2
subject1336,2
subject1337,2
subject1338,2
subject1339,2
subject1340,2
subject1341,2
subject1342,2
subject1343,2
subject1344,2
subject1345,2
subject1346,2
subject1347,2
subject1348,2
subject1349,2
subject1350,2
subject1351,2
subject1352,2
subject1353,2
subject1354,2
subject1355,2
subject1356,2
subject1357,2
subject1358,2
subject1359,2
subject1360,2
subject1361,2
subject1362,2
subject1363,2
subject1364,2
subject1365,2
subject1366,2
subject1367,2
subject1368,2
subject1369,2
subject1370,2
subject1371,2
subject1372,2
subject1373,2
subject1374,2
subject1375,2
subject1376,2
subject1377,2
subject1378,2
subject1379,2
subject1380,2
subject1381,2
subject1382,2
subject1383,2
subject1384,2
subject1385,2
subject1386,2
subject1387,2
subject1388,2
subject1389,2
subject1390,2
subject1391,2
subject1392,2
subject1393,2
subject1394,2
subject1395,2
subject1396,2
subject1397,2
subject1398,2
subject1399,2
subject1400,3
subject1401,3
subject1402,3
subject1403,3
subject1404,3
subject1405,3
subject1406,3
subject1407,3
subject1408,3
subject1409,3
subject1410,3
subject1411,3
subject1412,3
subject1413,3
subject1414,3
subject1415,3
subject1416,3
subject1417,3
subject1418,3
subject1419,3
subject1420,3
subject1421,3
subject1422,3
subject1423,3
subject1424,3
subject1425,3
subject1426,3
subject1427,3
subject1428,3
subject1429,3
subject1430,3
subject1431,3
subject1432,3
subject1433,3
subject1434,3
subject1435,3
subject1436,3
subject1437,3
subject1438,3
subject1439,3
subject1440,3
subject1441,3
subject1442,3
subject1443,3
subject1444,3
subject1445,3
subject1446,3
subject1447,3
subject1448,3
subject1449,3
subject1450,3
subject1451,3
subject1452,3
subject1453,3
subject1454,3
subject1455,3
subject1456,3
subject1457,3
subject1458,3
subject1459,3
subject1460,3
subject1461,3
subject1462,3
subject1463,3
subject1464,3
subject1465,3
subject1466,3
subject1467,3
subject1468,3
subject1469,3
subject1470,3
subject1471,3
subject1472,3
subject1473,3
subject1474,3
subject1475,3
subject1476,3
subject1477,3
subject1478,3
subject1479,3
subject1480,3
subject1481,3
subject1482,3
subject1483,3
subject1484,3
subject1485,3
subject1486,3
subject1487,3
subject1488,3
subject1489,3
subject1490,3
subject1491,3
subject1492,3
subject1493,3
subject1494,3
subject1495,3
subject1496,3
subject1497,3
subject1498,3
subject1499,3
subject1500,3
subject1501,3
subject1502,3
subject1503,3
subject1504,3
subject1505,3
subject1506,3
subject1507,3
subject1508,3
subject1509,3
subject1510,3
subject1511,3
subject1512,3
subject1513,3
subject1514,3
subject1515,3
subject1516,3
subject1517,3
subject1518,3
subject1519,3
subject1520,3
subject1521,3
subject1522,3
subject1523,3
subject1524,3
subject1525,3
subject1526,3
subject1527,3
subject1528,3
subject1529,3
subject1530,3
subject1531,3
subject1532,3
subject1533,3
subject1534,3
subject1535,3
subject1536,3
subject1537,3
subject1538,3
subject1539,3
subject1540,3
subject1541,3
subject1542,3
subject1543,3
subject1544,3
subject1545,3
subject1546,3
subject1547,3
subject1548,3
subject1549,3
subject1550,3
subject1551,3
subject1552,3
subject1553,3
subject1554,3
subject1555,3
subject1556,3
subject1557,3
subject1558,3
subject1559,3
subject1560,3
subject1561,3
subject1562,3
subject1563,3
subject1564,3
subject1565,3
subject1566,3
subject1567,3
subject1568,3
subject1569,3
subject1570,3
subject1571,3
subject1572,3
subject1573,3
subject1574,3
subject1575,3
subject1576,3
subject1577,3
subject1578,3
subject1579,3
subject1580,3
subject1581,3
subject1582,3
subject1583,3
subject1584,3
subject1585,3
subject1586,3
subject1587,3
subject1588,3
subject1589,3
subject1590,3
subject1591,3
subject1592,3
subject1593,3
subject1594,3
subject1595,3
subject1596,3
subject1597,3
subject1598,3
subject1599,3
subject1600,3
subject1601,3
subject1602,3
subject1603,3
subject1604,3
subject1605,3
subject1606,3
subject1607,3
subject1608,3
subject1609,3
subject1610,3
subject1611,3
subject1612,3
subject1613,3
subject1614,3
subject1615,3
subject1616,3
subject1617,3
subject1618,3
subject1619,3
subject1620,3
subject1621,3
subject1622,3
subject1623,3
subject1624,3
subject1625,3
subject1626,3
subject1627,3
subject1628,3
subject1629,3
subject1630,3
subject1631,3
subject1632,3
subject1633,3
subject1634,3
subject1635,3
subject1636,3
subject1637,3
subject1638,3
subject1639,3
subject1640,3
subject1641,3
subject1642,3
subject1643,3
subject1644,3
subject1645,3
subject1646,3
subject1647,3
subject1648,3
subject1649,3
subject1650,3
subject1651,3
subject1652,3
subject1653,3
subject1654,3
subject1655,3
subject1656,3
subject1657,3
subject1658,3
subject1659,3
subject1660,3
subject1661,3
subject1662,3
subject1663,3
subject1664,3
subject1665,3
subject1666,3
subject1667,3
subject1668,3
subject1669,3
subject1670,3
subject1671,3
subject1672,3
subject1673,3
subject1674,3
subject1675,3
subject1676,3
subject1677,3
subject1678,3
subject1679,3
subject1680,3
subject1681,3
subject1682,3
subject1683,3
subject1684,3
subject1685,3
subject1686,3
subject1687,3
subject1688,3
subject1689,3
subject1690,3
subject1691,3
subject1692,3
subject1693,3
subject1694,3
subject1695,3
subject1696,3
subject1697,3
subject1698,3
subject1699,3
subject1700,3
subject1701,3
subject1702,3
subject1703,3
subject1704,3
subject1705,3
subject1706,3
subject1707,3
subject1708,3
subject1709,3
subject1710,3
subject1711,3
subject1712,3
subject1713,3
subject1714,3
subject1715,3
subject1716,3
subject1717,3
subject1718,3
subject1719,3
subject1720,3
subject1721,3
subject1722,3
subject1723,3
subject1724,3
subject1725,3
subject1726,3
subject1727,3
subject1728,3
subject1729,3
subject1730,3
subject1731,3
subject1732,3
subject1733,3
subject1734,3
subject1735,3
subject1736,3
subject1737,3
subject1738,3
subject1739,3
subject1740,3
subject1741,3
subject1742,3
subject1743,3
subject1744,3
subject1745,3
subject1746,3
subject1747,3
subject1748,3
subject1749,3
subject1750,3
subject1751,3
subject1752,3
subject1753,3
subject1754,3
subject1755,3
subject1756,3
subject1757,3
subject1758,3
subject1759,3
subject1760,3
subject1761,3
subject1762,3
subject1763,3
subject1764,3
subject1765,3
subject1766,3
subject1767,3
subject1768,3
subject1769,3
subject1770,3
subject1771,3
subject1772,3
subject1773,3
subject1774,3
subject1775,3
subject1776,3
subject1777,3
subject1778,3
subject1779,3
subject1780,3
subject1781,3
subject1782,3
subject1783,3
subject1784,3
subject1785,3
subject1786,3
subject1787,3
subject1788,3
subject1789,3
subject1790,3
subject1791,3
subject1792,3
subject1793,3
subject1794,3
subject1795,3
subject1796,3
subject1797,3
subject1798,3
subject1799,3
