url_path,views_total,views_unique
/CBICA/NiChart_Project,33,16
/CBICA/NiChart_Project/tree/main/src/viewer,5,1
/CBICA/NiChart_Project/blob/main/src/viewer/utils/utils_st.py,3,1
/CBICA/NiChart_Project/tree/main/src,3,1
/CBICA/NiChart_Project/tree/main/src/viewer/utils,3,1
/CBICA/NiChart_Project/tree/main/.github,2,2
/CBICA/NiChart_Project/tree/github-repo-stats/CBICA/NiChart_Project,2,1
/CBICA/NiChart_Project/tree/main/CBICA/NiChart_Project,2,1
/CBICA/NiChart_Project/tree/main/src/viewer/pages,2,1
/CBICA/NiChart_Project/tree/report-page/CBICA/NiChart_Project,2,1
